tempo,referencia,velocidade,pwm,erro
0,0,0.0033,-0.066,-0.0033
0.01,0,0.00657,-0.1314,-0.00657
0.02,0,0.008613,-0.17226,-0.008613
0.03,0,0.0042517,-0.085034,-0.0042517
0.04,0,0.00812653,-0.162531,-0.00812653
0.05,0,0.00581388,-0.116278,-0.00581388
0.06,0,0.00883249,-0.17665,-0.00883249
0.07,0,0.0121492,-0.242985,-0.0121492
0.08,0,0.0108343,-0.216686,-0.0108343
0.09,0,0.00685088,-0.137018,-0.00685088
0.1,0,0.00736579,-0.147316,-0.00736579
0.11,0,0.00432921,-0.0865843,-0.00432921
0.12,0,0.00789629,-0.157926,-0.00789629
0.13,0,0.00800666,-0.160133,-0.00800666
0.14,0,0.008506,-0.17012,-0.008506
0.15,0,0.0052554,-0.105108,-0.0052554
0.16,0,0.00372986,-0.0745972,-0.00372986
0.17,0,0.000956872,-0.0191374,-0.000956872
0.18,0,0.00306118,-0.0612237,-0.00306118
0.19,0,0.00135507,-0.0271013,-0.00135507
0.2,0,-0.00268044,0.0536088,0.00268044
0.21,0,-0.000612397,0.0122479,0.000612397
0.22,0,0.00114884,-0.0229769,-0.00114884
0.23,0,-0.00106604,0.0213208,0.00106604
0.24,0,0.00224056,-0.0448113,-0.00224056
0.25,0,1.65063e-05,-0.000330126,-1.65063e-05
0.26,0,0.00121486,-0.0242971,-0.00121486
0.27,0,-0.00160663,0.0321326,0.00160663
0.28,0,0.000254033,-0.00508066,-0.000254033
0.29,0,-0.00127137,0.0254274,0.00127137
0.3,0,-0.00324423,0.0648847,0.00324423
0.31,0,-0.00771981,0.154396,0.00771981
0.32,0,-0.00974783,0.194957,0.00974783
0.33,0,-0.00797305,0.159461,0.00797305
0.34,0,-0.00527574,0.105515,0.00527574
0.35,0,-0.00304817,0.0609634,0.00304817
0.36,0,0.00155665,-0.031133,-0.00155665
0.37,0,0.00200098,-0.0400197,-0.00200098
0.38,0,-0.00209911,0.0419823,0.00209911
0.39,0,-0.0026892,0.0537841,0.0026892
0.4,0,-0.00452028,0.0904057,0.00452028
0.41,0,-0.00176825,0.0353651,0.00176825
0.42,0,-0.00449143,0.0898286,0.00449143
0.43,0,-0.00714229,0.142846,0.00714229
0.44,0,-0.00302806,0.0605612,0.00302806
0.45,0,-0.00402525,0.080505,0.00402525
0.46,0,0.00117727,-0.0235455,-0.00117727
0.47,0,-0.00154045,0.0308091,0.00154045
0.48,0,-0.00488641,0.0977282,0.00488641
0.49,0,-0.00239777,0.0479553,0.00239777
0.5,0,-0.00585799,0.11716,0.00585799
0.51,0,-0.00767219,0.153444,0.00767219
0.52,0,-0.00280497,0.0560994,0.00280497
0.53,0,0.000475525,-0.0095105,-0.000475525
0.54,0,0.00102797,-0.0205594,-0.00102797
0.55,0,0.00322517,-0.0645035,-0.00322517
0.56,0,0.00410266,-0.0820532,-0.00410266
0.57,0,0.00569239,-0.113848,-0.00569239
0.58,0,0.00972315,-0.194463,-0.00972315
0.59,0,0.0118508,-0.237017,-0.0118508
0.6,0,0.00616575,-0.123315,-0.00616575
0.61,0,0.00304918,-0.0609836,-0.00304918
0.62,0,0.00614426,-0.122885,-0.00614426
0.63,0,0.00322983,-0.0645967,-0.00322983
0.64,0,0.00150685,-0.030137,-0.00150685
0.65,0,-0.00314384,0.0628767,0.00314384
0.66,0,-0.00322945,0.064589,0.00322945
0.67,0,-0.00500651,0.10013,0.00500651
0.68,0,-0.00820586,0.164117,0.00820586
0.69,0,-0.00668527,0.133705,0.00668527
0.7,0,-0.00861674,0.172335,0.00861674
0.71,0,-0.00325507,0.0651014,0.00325507
0.72,0,0.000270438,-0.00540876,-0.000270438
0.73,0,-0.000256606,0.00513212,0.000256606
0.74,0,-0.00383095,0.0766189,0.00383095
0.75,0,-0.00174785,0.034957,0.00174785
0.76,0,-0.00317307,0.0634613,0.00317307
0.77,0,-0.00145576,0.0291152,0.00145576
0.78,0,-0.00201018,0.0402036,0.00201018
0.79,0,-0.00180916,0.0361833,0.00180916
0.8,0,0.00207175,-0.041435,-0.00207175
0.81,0,-0.00233542,0.0467085,0.00233542
0.82,0,0.000498119,-0.00996239,-0.000498119
0.83,0,0.00324831,-0.0649661,-0.00324831
0.839999,0,0.00672348,-0.13447,-0.00672348
0.849999,0,0.00945113,-0.189023,-0.00945113
0.859999,0,0.00380602,-0.0761203,-0.00380602
0.869999,0,0.00352541,-0.0705083,-0.00352541
0.879999,0,0.00357287,-0.0714574,-0.00357287
0.889999,0,0.00811558,-0.162312,-0.00811558
0.899999,0,0.00550403,-0.110081,-0.00550403
0.909999,0,0.00595362,-0.119072,-0.00595362
0.919999,0,0.00795826,-0.159165,-0.00795826
0.929999,0,0.00896243,-0.179249,-0.00896243
0.939999,0,0.00696619,-0.139324,-0.00696619
0.949999,0,0.00246957,-0.0493914,-0.00246957
0.959999,0,-0.000177386,0.00354772,0.000177386
0.969999,0,0.00344035,-0.0688071,-0.00344035
0.979999,0,0.00749632,-0.149926,-0.00749632
0.989999,0,0.00564669,-0.112934,-0.00564669
0.999999,0,0.00958202,-0.19164,-0.00958202
1.01,0,0.0106238,-0.212476,-0.0106238
1.02,0,0.00796143,-0.159229,-0.00796143
1.03,0,0.00996529,-0.199306,-0.00996529
1.04,0,0.0106688,-0.213375,-0.0106688
1.05,0,0.00470188,-0.0940377,-0.00470188
1.06,0,0.0089317,-0.178634,-0.0089317
1.07,0,0.00323853,-0.0647705,-0.00323853
1.08,0,-0.000385327,0.00770653,0.000385327
1.09,0,0.00385321,-0.0770641,-0.00385321
1.1,0,0.00366789,-0.0733577,-0.00366789
1.11,0,0.0039011,-0.0780219,-0.0039011
1.12,0,-0.00138901,0.0277803,0.00138901
1.13,0,0.00174989,-0.0349978,-0.00174989
1.14,0,0.0051749,-0.103498,-0.0051749
1.15,0,0.00375741,-0.0751482,-0.00375741
1.16,0,0.00488167,-0.0976334,-0.00488167
1.17,0,0.0082935,-0.16587,-0.0082935
1.18,0,0.00686415,-0.137283,-0.00686415
1.19,0,0.00307774,-0.0615547,-0.00307774
1.2,0,0.00176996,-0.0353992,-0.00176996
1.21,0,-0.000507035,0.0101407,0.000507035
1.22,0,-0.00235633,0.0471266,0.00235633
1.23,0,-0.0054207,0.108414,0.0054207
1.24,0,-0.000178628,0.00357256,0.000178628
1.25,0,0.00193923,-0.0387847,-0.00193923
1.26,0,0.00484531,-0.0969062,-0.00484531
1.27,0,0.00686078,-0.137216,-0.00686078
1.28,0,0.0020747,-0.041494,-0.0020747
1.29,0,-0.000432768,0.00865536,0.000432768
1.3,0,0.00131051,-0.0262102,-0.00131051
1.31,0,0.00177946,-0.0355892,-0.00177946
1.32,0,0.00630151,-0.12603,-0.00630151
1.33,0,0.00597136,-0.119427,-0.00597136
1.34,0,0.00897423,-0.179485,-0.00897423
1.35,0,0.0095768,-0.191536,-0.0095768
1.36,0,0.00421912,-0.0843824,-0.00421912
1.37,0,0.00709721,-0.141944,-0.00709721
1.38,0,0.00328749,-0.0657498,-0.00328749
1.39,0,0.000358739,-0.00717478,-0.000358739
1.4,0,-0.00187713,0.0375427,0.00187713
1.41,0,0.000410579,-0.00821158,-0.000410579
1.42,0,-0.00143048,0.0286096,0.00143048
1.43,0,-0.00338743,0.0677486,0.00338743
1.44,0,-0.00774869,0.154974,0.00774869
1.45,0,-0.0100738,0.201476,0.0100738
1.46,0,-0.00706644,0.141329,0.00706644
1.47,0,-0.00455979,0.0911959,0.00455979
1.48,0,-0.00830381,0.166076,0.00830381
1.49,0,-0.0109734,0.219469,0.0109734
1.5,0,-0.0108761,0.217522,0.0108761
1.51,0,-0.00988848,0.19777,0.00988848
1.52,0,-0.00429963,0.0859926,0.00429963
1.53,0,-0.00656967,0.131393,0.00656967
1.54,0,-0.0091127,0.182254,0.0091127
1.55,0,-0.00870143,0.174029,0.00870143
1.56,0,-0.00823129,0.164626,0.00823129
1.57,0,-0.00730816,0.146163,0.00730816
1.58,0,-0.00947734,0.189547,0.00947734
1.59,0,-0.00802961,0.160592,0.00802961
1.6,0,-0.00432665,0.0865329,0.00432665
1.61,0,-9.39826e-05,0.00187965,9.39826e-05
1.62,0,0.00131542,-0.0263083,-0.00131542
1.63,0,-0.00101613,0.0203225,0.00101613
1.64,0,-0.00181451,0.0362903,0.00181451
1.65,0,-0.00163306,0.0326612,0.00163306
1.66,0,0.00283024,-0.0566049,-0.00283024
1.67,0,-0.00245278,0.0490556,0.00245278
1.68,0,-0.0038075,0.07615,0.0038075
1.69,0,-0.00202675,0.040535,0.00202675
1.7,0,-0.00442408,0.0884815,0.00442408
1.71,0,-0.00758167,0.151633,0.00758167
1.72,0,-0.0031235,0.06247,0.0031235
1.73,0,-0.00221115,0.044223,0.00221115
1.74,0,-0.00269004,0.0538007,0.00269004
1.75,0,0.00167897,-0.0335793,-0.00167897
1.76,0,-0.00078893,0.0157786,0.00078893
1.77,0,0.000789963,-0.0157993,-0.000789963
1.78,0,0.00161097,-0.0322193,-0.00161097
1.79,0,4.98696e-05,-0.000997393,-4.98696e-05
1.8,0,-0.00175512,0.0351023,0.00175512
1.81,0,-0.00147961,0.0295921,0.00147961
1.82,0,-0.00263165,0.0526329,0.00263165
1.83,0,-0.00456848,0.0913696,0.00456848
1.84,0,-0.00161163,0.0322326,0.00161163
1.85,0,-0.00575047,0.115009,0.00575047
1.86,0,-0.00277542,0.0555084,0.00277542
1.87,0,-0.00539788,0.107958,0.00539788
1.88,0,-0.00405809,0.0811619,0.00405809
1.89,0,0.000847716,-0.0169543,-0.000847716
1.9,0,-0.00133706,0.0267411,0.00133706
1.91,0,-0.00250335,0.050067,0.00250335
1.92,0,-0.00375301,0.0750603,0.00375301
1.93,0,0.000922287,-0.0184457,-0.000922287
1.94,0,-0.00236994,0.0473988,0.00236994
1.95,0,-0.00433295,0.086659,0.00433295
1.96,0,-0.00459965,0.0919931,0.00459965
1.97,0,-0.00803969,0.160794,0.00803969
1.98,0,-0.00943572,0.188714,0.00943572
1.99,0,-0.0105921,0.211843,0.0105921
2,0,-0.00693293,0.138659,0.00693293
2.01,1,-0.0108396,20.2168,1.01084
2.02,1,-0.0104557,20.2091,1.01046
2.03,1,-0.00811011,20.1622,1.00811
2.04,1,-0.0109991,20.22,1.011
2.05,1,-0.0110992,20.222,1.0111
2.06,1,-0.0143893,20.2878,1.01439
2.07,1,-0.0139503,20.279,1.01395
2.08,1,-0.0171553,20.3431,1.01716
2.09,1,-0.0186398,20.3728,1.01864
2.1,1,-0.0189758,20.3795,1.01898
2.11,1,-0.0132782,20.2656,1.01328
2.12,1,-0.0100504,20.201,1.01005
2.13,1,0.0154324,19.6914,0.984568
2.14,1,0.038367,19.2327,0.961633
2.15,1,0.066908,18.6618,0.933092
2.16,1,0.085395,18.2921,0.914605
2.17,1,0.103933,17.9213,0.896067
2.18,1,0.151096,16.9781,0.848904
2.19,1,0.194842,16.1032,0.805158
2.2,1,0.234913,15.3017,0.765087
2.21,1,0.271877,14.5625,0.728123
2.22,1,0.302445,13.9511,0.697555
2.23,1,0.325256,13.4949,0.674744
2.24,1,0.375464,12.4907,0.624536
2.25,1,0.425251,11.495,0.574749
2.26,1,0.461559,10.7688,0.538441
2.27,1,0.497636,10.0473,0.502364
2.28,1,0.531606,9.36788,0.468394
2.29,1,0.565379,8.69242,0.434621
2.3,1,0.621852,7.56296,0.378148
2.31,1,0.673978,6.52044,0.326022
2.32,1,0.716891,5.66218,0.283109
2.33,1,0.757713,4.84574,0.242287
2.34,1,0.797753,4.04494,0.202247
2.35,1,0.824789,3.50423,0.175211
2.36,1,0.881699,2.36603,0.118301
2.37,1,0.927818,1.44364,0.0721822
2.38,1,0.973725,0.525502,0.0262751
2.39,1,1.01134,-0.226824,-0.0113412
2.4,1,1.0463,-0.92592,-0.046296
2.41,1,1.07836,-1.56711,-0.0783553
2.42,1,1.14209,-2.84173,-0.142087
2.43,1,1.19384,-3.87689,-0.193844
2.44,1,1.24073,-4.81453,-0.240727
2.45,1,1.28512,-5.70241,-0.285121
2.46,1,1.32228,-6.4455,-0.322275
2.47,1,1.35391,-7.07829,-0.353914
2.48,1,1.40907,-8.18134,-0.409067
2.49,1,1.4586,-9.1721,-0.458605
2.5,1,1.50269,-10.0538,-0.502689
2.51,1,1.54196,-10.8393,-0.541964
2.52,1,1.58331,-11.6662,-0.583312
2.53,1,1.61743,-12.3485,-0.617426
2.54,1,1.68071,-13.6141,-0.680705
2.55,1,1.73036,-14.6071,-0.730357
2.56,1,1.77654,-15.5309,-0.776543
2.57,1,1.81971,-16.3942,-0.819711
2.58,1,1.85936,-17.1872,-0.859362
2.59,1,1.89325,-17.865,-0.893248
2.6,1,1.95112,-19.0225,-0.951123
2.61,1,2.00751,-20.1502,-1.00751
2.62,1,2.05256,-21.0512,-1.05256
2.63,1,2.0939,-21.8781,-1.0939
2.64,1,2.13771,-22.7543,-1.13771
2.65,1,2.17474,-23.4948,-1.17474
2.66,1,2.20467,-24.0934,-1.20467
2.67,1,2.2329,-24.658,-1.2329
2.68,1,2.28859,-25.7718,-1.28859
2.69,1,2.33491,-26.6981,-1.33491
2.7,1,2.37419,-27.4839,-1.37419
2.71,1,2.41315,-28.2631,-1.41315
2.72,1,2.44982,-28.9963,-1.44982
2.73,1,2.45973,-29.1947,-1.45973
2.74,1,2.46666,-29.3332,-1.46666
2.75,1,2.46999,-29.3999,-1.46999
2.76,1,2.47479,-29.4959,-1.47479
2.77,1,2.47942,-29.5883,-1.47942
2.78,1,2.48377,-29.6755,-1.48377
2.79,1,2.4835,-29.6699,-1.4835
2.8,1,2.48825,-29.7649,-1.48825
2.81,1,2.45964,-29.1929,-1.45964
2.82,1,2.4342,-28.684,-1.4342
2.83,1,2.4174,-28.3481,-1.4174
2.84,1,2.39889,-27.9777,-1.39889
2.85,1,2.35474,-27.0948,-1.35474
2.86,1,2.31861,-26.3722,-1.31861
2.87,1,2.2843,-25.6859,-1.2843
2.88,1,2.22743,-24.5486,-1.22743
2.89,1,2.17596,-23.5191,-1.17596
2.9,1,2.09815,-21.963,-1.09815
2.91,1,2.02952,-20.5905,-1.02952
2.92,1,1.96176,-19.2352,-0.96176
2.93,1,1.87849,-17.5699,-0.878495
2.94,1,1.80576,-16.1151,-0.805756
2.95,1,1.71301,-14.2603,-0.713014
2.96,1,1.62265,-12.4529,-0.622646
2.97,1,1.54531,-10.9063,-0.545314
2.98,1,1.44974,-8.99477,-0.449739
2.99,1,1.35932,-7.1864,-0.35932
3,1,1.25517,-5.10332,-0.255166
3.01,1,1.16083,-3.21654,-0.160827
3.02,1,1.07512,-1.50244,-0.075122
3.03,1,0.96681,0.663805,0.0331903
3.04,1,0.868729,2.62542,0.131271
3.05,1,0.777556,4.44888,0.222444
3.06,1,0.6993,6.014,0.3007
3.07,1,0.602192,7.95615,0.397808
3.08,1,0.517095,9.65809,0.482905
3.09,1,0.434408,11.3118,0.565592
3.1,1,0.339112,13.2178,0.660888
3.11,1,0.245845,15.0831,0.754155
3.12,1,0.137727,17.2455,0.862273
3.13,1,0.042821,19.1436,0.957179
3.14,1,-0.0438944,20.8779,1.04389
3.15,1,-0.154716,23.0943,1.15472
3.16,1,-0.251756,25.0351,1.25176
3.17,1,-0.369469,27.3894,1.36947
3.18,1,-0.472211,29.4442,1.47221
3.19,1,-0.560179,31.2036,1.56018
3.2,1,-0.64745,32.949,1.64745
3.21,1,-0.754271,35.0854,1.75427
3.22,1,-0.849211,36.9842,1.84921
3.23,1,-0.928757,38.5751,1.92876
3.24,1,-1.00545,40.1089,2.00545
3.25,1,-1.09885,41.9769,2.09885
3.26,1,-1.18651,43.7301,2.18651
3.27,1,-1.2574,45.148,2.2574
3.28,1,-1.32901,46.5801,2.32901
3.29,1,-1.39515,47.903,2.39515
3.3,1,-1.45118,49.0236,2.45118
3.31,1,-1.50441,50.0881,2.50441
3.32,1,-1.54941,50.9882,2.54941
3.33,1,-1.58721,51.7443,2.58721
3.34,1,-1.62744,52.5487,2.62744
3.35,1,-1.63356,52.6712,2.63356
3.36,1,-1.63917,52.7834,2.63917
3.37,1,-1.64192,52.8384,2.64192
3.38,1,-1.64099,52.8199,2.64099
3.39,1,-1.61498,52.2997,2.61498
3.4,1,-1.59537,51.9075,2.59537
3.41,1,-1.54955,50.9909,2.54955
3.42,1,-1.5085,50.1701,2.5085
3.43,1,-1.43909,48.7817,2.43909
3.44,1,-1.37391,47.4782,2.37391
3.45,1,-1.28898,45.7795,2.28898
3.46,1,-1.21763,44.3527,2.21763
3.47,1,-1.12025,42.405,2.12025
3.48,1,-1.0318,40.636,2.0318
3.49,1,-0.926421,38.5284,1.92642
3.5,1,-0.831579,36.6316,1.83158
3.51,1,-0.720643,34.4129,1.72064
3.52,1,-0.623301,32.466,1.6233
3.53,1,-0.501915,30.0383,1.50192
3.54,1,-0.37119,27.4238,1.37119
3.55,1,-0.21806,24.3612,1.21806
3.56,1,-0.0861431,21.7229,1.08614
3.57,1,0.0605601,18.7888,0.93944
3.58,1,0.225971,15.4806,0.774029
3.59,1,0.394118,12.1176,0.605882
3.6,1,0.581729,8.36543,0.418271
3.61,1,0.777556,4.44889,0.222444
3.62,1,0.974978,0.500441,0.025022
3.63,1,1.15926,-3.18516,-0.159258
3.64,1,1.34479,-6.89575,-0.344788
3.65,1,1.54674,-10.9348,-0.546742
3.66,1,1.75008,-15.0016,-0.750079
3.67,1,1.96256,-19.2512,-0.96256
3.68,1,2.18117,-23.6234,-1.18117
3.69,1,2.38022,-27.6044,-1.38022
3.7,1,2.59104,-31.8209,-1.59104
3.71,1,2.79956,-35.9912,-1.79956
3.72,1,3.0225,-40.4501,-2.0225
3.73,1,3.22215,-44.4431,-2.22215
3.74,1,3.43002,-48.6003,-2.43002
3.75,1,3.64517,-52.9034,-2.64517
3.76,1,3.83621,-56.7242,-2.83621
3.77,1,4.03642,-60.7284,-3.03642
3.78,1,4.21711,-64.3422,-3.21711
3.79,1,4.40571,-68.1142,-3.40571
3.8,1,4.57915,-71.583,-3.57915
3.81,1,4.76353,-75.2705,-3.76353
3.82,1,4.93036,-78.6072,-3.93036
3.83,1,5.07171,-81.4343,-4.07171
3.84,1,5.22831,-84.5662,-4.22831
3.85,1,5.37385,-87.4769,-4.37385
3.86,1,5.49853,-89.9706,-4.49853
3.87,1,5.61164,-92.2328,-4.61164
3.88,1,5.71824,-94.3649,-4.71824
3.89,1,5.81349,-96.2697,-4.81349
3.9,1,5.86863,-97.3725,-4.86863
3.91,1,5.92155,-98.431,-4.92155
3.92,1,5.96769,-99.3537,-4.96769
3.93,1,5.97723,-99.5446,-4.97723
3.94,1,5.98582,-99.7163,-4.98582
3.95,1,5.96617,-99.3233,-4.96617
3.96,1,5.95628,-99.1257,-4.95628
3.97,1,5.91331,-98.2662,-4.91331
3.98,1,5.84896,-96.9792,-4.84896
3.99,1,5.79364,-95.8728,-4.79364
4,1,5.71208,-94.2415,-4.71208
4.01,1,5.61699,-92.3398,-4.61699
4.02,1,5.50194,-90.0387,-4.50194
4.03,1,5.36421,-87.2842,-4.36421
4.04,1,5.1897,-83.794,-4.1897
4.05,1,5.00886,-80.1772,-4.00886
4.06,1,4.81213,-76.2426,-3.81213
4.07,1,4.6045,-72.0899,-3.6045
4.08,1,4.36657,-67.3314,-3.36657
4.09,1,4.12416,-62.4831,-3.12416
4.1,1,3.84593,-56.9186,-2.84593
4.11,1,3.57075,-51.4149,-2.57075
4.12,1,3.26753,-45.3506,-2.26753
4.13,1,2.96835,-39.3671,-1.96835
4.14,1,2.67552,-33.5103,-1.67552
4.15,1,2.38059,-27.6118,-1.38059
4.16,1,2.0609,-21.2179,-1.0609
4.17,1,1.71552,-14.3103,-0.715517
4.18,1,1.3791,-7.58197,-0.379099
4.19,1,1.01687,-0.337329,-0.0168664
4.2,1,0.632402,7.35196,0.367598
4.21,1,0.263206,14.7359,0.736794
4.22,1,-0.120426,22.4085,1.12043
4.23,1,-0.52035,30.407,1.52035
4.24,1,-0.912859,38.2572,1.91286
4.25,1,-1.31757,46.3515,2.31757
4.26,1,-1.71829,54.3659,2.71829
4.27,1,-2.1315,62.63,3.1315
4.28,1,-2.52816,70.5632,3.52816
4.29,1,-2.93731,78.7462,3.93731
4.3,1,-3.33772,86.7545,4.33772
4.31,1,-3.72197,94.4395,4.72197
4.32,1,-4.09618,101.924,5.09618
4.33,1,-4.49461,109.892,5.49461
4.34,1,-4.87829,117.566,5.87829
4.35,1,-5.24697,124.939,6.24697
4.36,1,-5.58088,131.618,6.58088
4.37001,1,-5.90788,138.158,6.90788
4.38001,1,-6.23306,144.661,7.23306
4.39001,1,-6.52852,150.57,7.52852
4.40001,1,-6.82151,156.43,7.82151
4.41001,1,-7.08281,161.656,8.08281
4.42001,1,-7.32257,166.451,8.32257
4.43001,1,-7.56543,171.309,8.56544
4.44001,1,-7.78011,175.602,8.78011
4.45001,1,-7.95115,179.023,8.95115
4.46001,1,-8.10268,182.054,9.10268
4.47001,1,-8.23915,184.783,9.23915
4.48001,1,-8.3319,186.638,9.3319
4.49001,1,-8.41558,188.312,9.41558
4.50001,1,-8.46231,189.246,9.46231
4.51001,1,-8.48199,189.64,9.48199
4.52001,1,-8.46272,189.254,9.46272
4.53001,1,-8.41731,188.346,9.41731
4.54001,1,-8.32068,186.414,9.32068
4.55001,1,-8.21153,184.231,9.21153
4.56001,1,-8.05814,181.163,9.05814
4.57001,1,-7.86824,177.365,8.86824
4.58001,1,-7.66695,173.339,8.66695
4.59001,1,-7.43273,168.655,8.43273
4.60001,1,-7.1389,162.778,8.1389
4.61001,1,-6.8108,156.216,7.8108
4.62001,1,-6.46336,149.267,7.46336
4.63001,1,-6.06822,141.364,7.06822
4.64001,1,-5.65494,133.099,6.65494
4.65001,1,-5.20046,124.009,6.20046
4.66001,1,-4.73747,114.749,5.73747
4.67001,1,-4.26532,105.306,5.26532
4.68001,1,-3.75656,95.1311,4.75656
4.69001,1,-3.21003,84.2007,4.21003
4.70001,1,-2.64253,72.8506,3.64253
4.71001,1,-2.04724,60.9449,3.04724
4.72001,1,-1.43045,48.609,2.43045
4.73001,1,-0.789507,35.7901,1.78951
4.74001,1,-0.127323,22.5465,1.12732
4.75001,1,0.553476,8.93048,0.446524
4.76001,1,1.27941,-5.58813,-0.279406
4.77001,1,2.01048,-20.2095,-1.01048
4.78001,1,2.75317,-35.0635,-1.75317
4.79001,1,3.50413,-50.0827,-2.50413
4.80001,1,4.26753,-65.3506,-3.26753
4.81002,1,5.03022,-80.6044,-4.03022
4.82002,1,5.80378,-96.0756,-4.80378
4.83002,1,6.58661,-111.732,-5.58661
4.84002,1,7.37229,-127.446,-6.37229
4.85002,1,8.13896,-142.779,-7.13896
4.86002,1,8.9101,-158.202,-7.9101
4.87002,1,9.66178,-173.236,-8.66178
4.88002,1,10.422,-188.44,-9.42202
4.89002,1,11.1621,-203.242,-10.1621
4.90002,1,11.8785,-217.57,-10.8785
4.91002,1,12.579,-231.579,-11.579
4.92002,1,13.2634,-245.268,-12.2634
4.93002,1,13.9133,-255,-12.9133
4.94002,1,14.5252,-255,-13.5252
4.95002,1,15.1272,-255,-14.1272
4.96002,1,15.6969,-255,-14.6969
4.97002,1,16.2125,-255,-15.2125
4.98002,1,16.6999,-255,-15.6999
4.99002,1,17.167,-255,-16.167
5.00002,1,17.5903,-255,-16.5903
5.01002,1,17.9694,-255,-16.9694
5.02002,1,18.3123,-255,-17.3123
5.03002,1,18.5889,-255,-17.5889
5.04002,1,18.8384,-255,-17.8384
5.05002,1,19.039,-255,-18.039
5.06002,1,19.2215,-255,-18.2215
5.07002,1,19.3231,-255,-18.3231
5.08002,1,19.3948,-255,-18.3948
5.09002,1,19.425,-255,-18.425
5.10002,1,19.4038,-255,-18.4038
5.11002,1,19.354,-255,-18.354
5.12002,1,19.2546,-255,-18.2546
5.13002,1,19.1053,-255,-18.1053
5.14002,1,18.8932,-255,-17.8932
5.15002,1,18.6404,-255,-17.6404
5.16002,1,18.3293,-255,-17.3293
5.17002,1,17.9693,-255,-16.9693
5.18002,1,17.5577,-255,-16.5577
5.19002,1,17.1093,-255,-16.1093
5.20002,1,16.616,-255,-15.616
5.21002,1,16.0664,-255,-15.0664
5.22002,1,15.4559,-255,-14.4559
5.23002,1,14.8028,-255,-13.8028
5.24003,1,14.0953,-255,-13.0953
5.25003,1,13.352,-247.041,-12.352
5.26003,1,12.57,-231.4,-11.57
5.27003,1,11.7341,-214.681,-10.7341
5.28003,1,10.835,-196.701,-9.83503
5.29003,1,9.89062,-177.812,-8.89062
5.30003,1,8.90436,-158.087,-7.90436
5.31003,1,7.90071,-138.014,-6.90071
5.32003,1,6.86024,-117.205,-5.86024
5.33003,1,5.78932,-95.7865,-4.78932
5.34003,1,4.65454,-73.0907,-3.65454
5.35003,1,3.49664,-49.9328,-2.49664
5.36003,1,2.28596,-25.7193,-1.28596
5.37003,1,1.06037,-1.20733,-0.0603666
5.38003,1,-0.214237,24.2847,1.21424
5.39003,1,-1.49407,49.8814,2.49407
5.40003,1,-2.78841,75.7681,3.78841
5.41003,1,-4.12298,102.46,5.12298
5.42003,1,-5.46448,129.29,6.46448
5.43003,1,-6.80332,156.066,7.80332
5.44003,1,-8.15437,183.087,9.15437
5.45003,1,-9.5051,210.102,10.5051
5.46003,1,-10.8639,237.279,11.8639
5.47003,1,-12.1902,255,13.1902
5.48003,1,-13.5305,255,14.5305
5.49003,1,-14.8413,255,15.8413
5.50003,1,-16.1389,255,17.1389
5.51003,1,-17.412,255,18.412
5.52003,1,-18.6669,255,19.6669
5.53003,1,-19.8811,255,20.8811
5.54003,1,-21.0592,255,22.0592
5.55003,1,-22.2042,255,23.2042
5.56003,1,-23.3201,255,24.3201
5.57003,1,-24.4065,255,25.4065
5.58003,1,-25.4343,255,26.4343
5.59003,1,-26.4427,255,27.4427
5.60003,1,-27.4107,255,28.4107
5.61003,1,-28.3347,255,29.3347
5.62003,1,-29.2214,255,30.2214
5.63003,1,-30.0459,255,31.0459
5.64003,1,-30.8463,255,31.8463
5.65003,1,-31.5983,255,32.5983
5.66003,1,-32.304,255,33.304
5.67003,1,-32.9614,255,33.9614
5.68004,1,-33.5543,255,34.5543
5.69004,1,-34.1168,255,35.1168
5.70004,1,-34.6263,255,35.6263
5.71004,1,-35.0794,255,36.0794
5.72004,1,-35.4915,255,36.4915
5.73004,1,-35.8622,255,36.8622
5.74004,1,-36.1654,255,37.1654
5.75004,1,-36.4344,255,37.4344
5.76004,1,-36.6498,255,37.6498
5.77004,1,-36.8173,255,37.8173
5.78004,1,-36.9389,255,37.9389
5.79004,1,-36.9963,255,37.9963
5.80004,1,-37.015,255,38.015
5.81004,1,-36.9768,255,37.9768
5.82004,1,-36.8946,255,37.8946
5.83004,1,-36.7579,255,37.7579
5.84004,1,-36.5814,255,37.5814
5.85004,1,-36.3435,255,37.3435
5.86004,1,-36.0682,255,37.0682
5.87004,1,-35.7412,255,36.7412
5.88004,1,-35.3665,255,36.3665
5.89004,1,-34.9401,255,35.9401
5.90004,1,-34.4771,255,35.4771
5.91004,1,-33.9472,255,34.9472
5.92004,1,-33.3606,255,34.3606
5.93004,1,-32.7151,255,33.7151
5.94004,1,-32.0246,255,33.0246
5.95004,1,-31.296,255,32.296
5.96004,1,-30.5268,255,31.5268
5.97004,1,-29.6933,255,30.6933
5.98004,1,-28.803,255,29.803
5.99004,1,-27.8663,255,28.8663
6.00004,1,-26.8832,255,27.8832
6.01004,1,-25.8567,255,26.8567
6.02004,1,-24.7743,255,25.7743
6.03004,1,-23.6591,255,24.6591
6.04004,1,-22.4857,255,23.4857
6.05004,1,-21.2636,255,22.2636
6.06004,1,-20.0012,255,21.0012
6.07004,1,-18.6633,255,19.6633
6.08004,1,-17.2947,255,18.2947
6.09004,1,-15.8711,255,16.8711
6.10004,1,-14.397,255,15.397
6.11004,1,-12.9005,255,13.9005
6.12005,1,-11.3573,247.146,12.3573
6.13005,1,-9.74533,214.907,10.7453
6.14005,1,-8.07215,181.443,9.07215
6.15005,1,-6.37194,147.439,7.37194
6.16005,1,-4.62294,112.459,5.62294
6.17005,1,-2.83081,76.6162,3.83081
6.18005,1,-0.995074,39.9015,1.99507
6.19005,1,0.882911,2.34177,0.117089
6.20005,1,2.79702,-35.9404,-1.79702
6.21005,1,4.74364,-74.8728,-3.74364
6.22005,1,6.71342,-114.268,-5.71342
6.23005,1,8.68107,-153.621,-7.68107
6.24005,1,10.6722,-193.443,-9.67217
6.25005,1,12.6576,-233.152,-11.6576
6.26005,1,14.6683,-255,-13.6683
6.27005,1,16.6727,-255,-15.6727
6.28005,1,18.6725,-255,-17.6725
6.29005,1,20.6644,-255,-19.6644
6.30005,1,22.6305,-255,-21.6305
6.31005,1,24.5872,-255,-23.5872
6.32005,1,26.5205,-255,-25.5205
6.33005,1,28.4206,-255,-27.4206
6.34005,1,30.2973,-255,-29.2973
6.35005,1,32.1239,-255,-31.1239
6.36005,1,33.9374,-255,-32.9374
6.37005,1,35.7092,-255,-34.7092
6.38005,1,37.4485,-255,-36.4485
6.39005,1,39.1435,-255,-38.1435
6.40005,1,40.7835,-255,-39.7835
6.41005,1,42.4026,-255,-41.4026
6.42005,1,43.9647,-255,-42.9647
6.43005,1,45.482,-255,-44.482
6.44005,1,46.9635,-255,-45.9635
6.45005,1,48.4073,-255,-47.4073
6.46005,1,49.785,-255,-48.785
6.47005,1,51.1427,-255,-50.1427
6.48005,1,52.4478,-255,-51.4478
6.49005,1,53.7065,-255,-52.7065
6.50005,1,54.9178,-255,-53.9178
6.51005,1,56.0603,-255,-55.0603
6.52005,1,57.1791,-255,-56.1791
6.53005,1,58.2423,-255,-57.2423
6.54005,1,59.2471,-255,-58.2471
6.55006,1,60.2122,-255,-59.2122
6.56006,1,61.1361,-255,-60.1361
6.57006,1,61.9941,-255,-60.9941
6.58006,1,62.7996,-255,-61.7996
6.59006,1,63.5435,-255,-62.5435
6.60006,1,64.2424,-255,-63.2424
6.61006,1,64.9015,-255,-63.9015
6.62006,1,65.5211,-255,-64.5211
6.63006,1,66.0811,-255,-65.0811
6.64006,1,66.5809,-255,-65.5809
6.65006,1,67.0294,-255,-66.0294
6.66006,1,67.4389,-255,-66.4389
6.67006,1,67.806,-255,-66.806
6.68006,1,68.1081,-255,-67.1081
6.69006,1,68.3767,-255,-67.3767
6.70006,1,68.5901,-255,-67.5901
6.71006,1,68.7573,-255,-67.7573
6.72006,1,68.8579,-255,-67.8579
6.73006,1,68.919,-255,-67.919
6.74006,1,68.9165,-255,-67.9165
6.75006,1,68.8546,-255,-67.8546
6.76006,1,68.7508,-255,-67.7508
6.77006,1,68.5998,-255,-67.5998
6.78006,1,68.4107,-255,-67.4107
6.79006,1,68.1498,-255,-67.1498
6.80006,1,67.8581,-255,-66.8581
6.81006,1,67.5199,-255,-66.5199
6.82006,1,67.1263,-255,-66.1263
6.83006,1,66.6668,-255,-65.6668
6.84006,1,66.1635,-255,-65.1635
6.85006,1,65.6007,-255,-64.6007
6.86006,1,64.9894,-255,-63.9894
6.87006,1,64.354,-255,-63.354
6.88006,1,63.6384,-255,-62.6384
6.89006,1,62.8899,-255,-61.8899
6.90006,1,62.0768,-255,-61.0768
6.91006,1,61.2305,-255,-60.2305
6.92006,1,60.329,-255,-59.329
6.93006,1,59.3818,-255,-58.3818
6.94006,1,58.3845,-255,-57.3845
6.95006,1,57.3201,-255,-56.3201
6.96006,1,56.2299,-255,-55.2299
6.97006,1,55.0818,-255,-54.0818
6.98006,1,53.8804,-255,-52.8804
6.99007,1,52.6337,-255,-51.6337
7.00007,1,51.3186,-255,-50.3186
7.01007,1,49.9614,-255,-48.9614
7.02007,1,48.5446,-255,-47.5446
7.03007,1,47.105,-255,-46.105
7.04007,1,45.5934,-255,-44.5934
7.05007,1,44.0307,-255,-43.0307
7.06007,1,42.4328,-255,-41.4328
7.07007,1,40.7714,-255,-39.7714
7.08007,1,39.0818,-255,-38.0818
7.09007,1,37.3444,-255,-36.3444
7.10007,1,35.5547,-255,-34.5547
7.11007,1,33.693,-255,-32.693
7.12007,1,31.7982,-255,-30.7982
7.13007,1,29.8384,-255,-28.8384
7.14007,1,27.8521,-255,-26.8521
7.15007,1,25.821,-255,-24.821
7.16007,1,23.7349,-255,-22.7349
7.17007,1,21.5804,-255,-20.5804
7.18007,1,19.4191,-255,-18.4191
7.19007,1,17.198,-255,-16.198
7.20007,1,14.9239,-255,-13.9239
7.21007,1,12.5987,-231.974,-11.5987
7.22007,1,10.2317,-184.634,-9.23171
7.23007,1,7.82045,-136.409,-6.82045
7.24007,1,5.36974,-87.3948,-4.36974
7.25007,1,2.85594,-37.1188,-1.85594
7.26007,1,0.322448,13.551,0.677552
7.27007,1,-2.26425,65.285,3.26425
7.28007,1,-4.87286,117.457,5.87286
7.29007,1,-7.49319,169.864,8.49319
7.30007,1,-10.1289,222.577,11.1289
7.31007,1,-12.7803,255,13.7803
7.32007,1,-15.4513,255,16.4513
7.33007,1,-18.1283,255,19.1283
7.34007,1,-20.7922,255,21.7922
7.35007,1,-23.4352,255,24.4352
7.36007,1,-26.0621,255,27.0621
7.37007,1,-28.6828,255,29.6828
7.38007,1,-31.2833,255,32.2833
7.39007,1,-33.8538,255,34.8538
7.40007,1,-36.3806,255,37.3806
7.41007,1,-38.8825,255,39.8825
7.42007,1,-41.3555,255,42.3555
7.43008,1,-43.8063,255,44.8063
7.44008,1,-46.2017,255,47.2017
7.45008,1,-48.5562,255,49.5562
7.46008,1,-50.8937,255,51.8937
7.47008,1,-53.1627,255,54.1627
7.48008,1,-55.3974,255,56.3974
7.49008,1,-57.6046,255,58.6046
7.50008,1,-59.7593,255,60.7593
7.51008,1,-61.8657,255,62.8657
7.52008,1,-63.9305,255,64.9305
7.53008,1,-65.9536,255,66.9536
7.54008,1,-67.9118,255,68.9118
7.55008,1,-69.8461,255,70.8461
7.56008,1,-71.7265,255,72.7265
7.57008,1,-73.5546,255,74.5546
7.58008,1,-75.3398,255,76.3398
7.59008,1,-77.0512,255,78.0512
7.60008,1,-78.7321,255,79.7321
7.61008,1,-80.3618,255,81.3618
7.62008,1,-81.9347,255,82.9347
7.63008,1,-83.4601,255,84.4601
7.64008,1,-84.9452,255,85.9452
7.65008,1,-86.3696,255,87.3696
7.66008,1,-87.7343,255,88.7343
7.67008,1,-89.0452,255,90.0452
7.68008,1,-90.304,255,91.304
7.69008,1,-91.5214,255,92.5214
7.70008,1,-92.6978,255,93.6978
7.71008,1,-93.8189,255,94.8189
7.72008,1,-94.8802,255,95.8802
7.73008,1,-95.8925,255,96.8925
7.74008,1,-96.8588,255,97.8588
7.75008,1,-97.786,255,98.786
7.76008,1,-98.644,255,99.644
7.77008,1,-99.4498,255,100.45
7.78008,1,-100.198,255,101.198
7.79008,1,-100.904,255,101.904
7.80008,1,-101.564,255,102.564
7.81008,1,-102.16,255,103.16
7.82008,1,-102.718,255,103.718
7.83008,1,-103.226,255,104.226
7.84008,1,-103.683,255,104.683
7.85008,1,-104.097,255,105.097
7.86009,1,-104.437,255,105.437
7.87009,1,-104.744,255,105.744
7.88009,1,-104.987,255,105.987
7.89009,1,-105.179,255,106.179
7.90009,1,-105.329,255,106.329
7.91009,1,-105.432,255,106.432
7.92009,1,-105.471,255,106.471
7.93009,1,-105.451,255,106.451
7.94009,1,-105.377,255,106.377
7.95009,1,-105.252,255,106.252
7.96009,1,-105.089,255,106.089
7.97009,1,-104.886,255,105.886
7.98009,1,-104.622,255,105.622
7.99009,1,-104.302,255,105.302
8.00009,1,-103.925,255,104.925
8.01009,1,-103.507,255,104.507
8.02009,1,-103.045,255,104.045
8.03009,1,-102.548,255,103.548
8.04009,1,-101.99,255,102.99
8.05009,1,-101.374,255,102.374
8.06009,1,-100.707,255,101.707
8.07009,1,-99.9978,255,100.998
8.08009,1,-99.2182,255,100.218
8.09009,1,-98.4048,255,99.4048
8.10009,1,-97.5347,255,98.5347
8.11009,1,-96.6177,255,97.6177
8.12009,1,-95.6553,255,96.6553
8.13009,1,-94.65,255,95.65
8.14009,1,-93.5736,255,94.5736
8.15009,1,-92.468,255,93.468
8.16009,1,-91.3088,255,92.3088
8.17009,1,-90.0937,255,91.0937
8.18009,1,-88.8365,255,89.8365
8.19009,1,-87.5128,255,88.5128
8.20009,1,-86.1457,255,87.1457
8.21009,1,-84.7286,255,85.7286
8.22009,1,-83.2523,255,84.2523
8.23009,1,-81.7368,255,82.7368
8.24009,1,-80.1759,255,81.1759
8.25009,1,-78.5424,255,79.5424
8.26009,1,-76.8785,255,77.8785
8.27009,1,-75.1602,255,76.1602
8.28009,1,-73.3894,255,74.3894
8.29009,1,-71.5818,255,72.5818
8.30009,1,-69.7289,255,70.7289
8.31009,1,-67.8095,255,68.8095
8.3201,1,-65.858,255,66.858
8.3301,1,-63.8546,255,64.8546
8.3401,1,-61.8069,255,62.8069
8.3501,1,-59.7135,255,60.7135
8.3601,1,-57.5511,255,58.5511
8.3701,1,-55.3542,255,56.3542
8.3801,1,-53.1006,255,54.1006
8.3901,1,-50.7917,255,51.7917
8.4001,1,-48.4397,255,49.4397
8.4101,1,-46.0374,255,47.0374
8.4201,1,-43.6044,255,44.6044
8.4301,1,-41.1048,255,42.1048
8.4401,1,-38.5468,255,39.5468
8.4501,1,-35.9457,255,36.9457
8.4601,1,-33.2968,255,34.2968
8.4701,1,-30.6021,255,31.6021
8.4801,1,-27.8776,255,28.8776
8.4901,1,-25.0881,255,26.0881
8.5001,1,-22.2741,255,23.2741
8.5101,1,-19.4105,255,20.4105
8.5201,1,-16.4935,255,17.4935
8.5301,1,-13.5405,255,14.5405
8.5401,1,-10.5494,230.987,11.5494
8.5501,1,-7.49722,169.944,8.49722
8.5601,1,-4.38329,107.666,5.38329
8.5701,1,-1.22024,44.4047,2.22024
8.5801,1,1.95734,-19.1469,-0.957343
8.5901,1,5.18118,-83.6235,-4.18118
8.6001,1,8.44484,-148.897,-7.44484
8.6101,1,11.7119,-214.237,-10.7119
8.6201,1,15.0129,-255,-14.0129
8.6301,1,18.3153,-255,-17.3153
8.6401,1,21.6189,-255,-20.6189
8.6501,1,24.93,-255,-23.93
8.6601,1,28.2469,-255,-27.2469
8.6701,1,31.5364,-255,-30.5364
8.6801,1,34.8026,-255,-33.8026
8.6901,1,38.0398,-255,-37.0398
8.7001,1,41.2606,-255,-40.2606
8.7101,1,44.4662,-255,-43.4662
8.7201,1,47.6339,-255,-46.6339
8.7301,1,50.7903,-255,-49.7903
8.7401,1,53.9094,-255,-52.9094
8.7501,1,56.9872,-255,-55.9872
8.76011,1,60.0153,-255,-59.0153
8.77011,1,63.0112,-255,-62.0112
8.78011,1,65.9555,-255,-64.9555
8.79011,1,68.8572,-255,-67.8572
8.80011,1,71.7256,-255,-70.7256
8.81011,1,74.5532,-255,-73.5532
8.82011,1,77.3526,-255,-76.3526
8.83011,1,80.0877,-255,-79.0877
8.84011,1,82.7718,-255,-81.7718
8.85011,1,85.4144,-255,-84.4144
8.86011,1,88.0074,-255,-87.0074
8.87011,1,90.5365,-255,-89.5365
8.88011,1,93.0391,-255,-92.0391
8.89011,1,95.481,-255,-94.481
8.90011,1,97.8818,-255,-96.8818
8.91011,1,100.237,-255,-99.2374
8.92011,1,102.52,-255,-101.52
8.93011,1,104.773,-255,-103.773
8.94011,1,106.966,-255,-105.966
8.95011,1,109.105,-255,-108.105
8.96011,1,111.195,-255,-110.195
8.97011,1,113.245,-255,-112.245
8.98011,1,115.222,-255,-114.222
8.99011,1,117.176,-255,-116.176
9.00011,1,119.067,-255,-118.067
9.01011,1,120.914,-255,-119.914
9.02011,1,122.681,-255,-121.681
9.03011,1,124.414,-255,-123.414
9.04011,1,126.085,-255,-125.085
9.05011,1,127.7,-255,-126.7
9.06011,1,129.266,-255,-128.266
9.07011,1,130.78,-255,-129.78
9.08011,1,132.261,-255,-131.261
9.09011,1,133.678,-255,-132.678
9.10011,1,135.036,-255,-134.036
9.11011,1,136.363,-255,-135.363
9.12011,1,137.62,-255,-136.62
9.13011,1,138.833,-255,-137.833
9.14011,1,140.002,-255,-139.002
9.15011,1,141.116,-255,-140.116
9.16011,1,142.167,-255,-141.167
9.17011,1,143.17,-255,-142.17
9.18011,1,144.135,-255,-143.135
9.19011,1,145.024,-255,-144.024
9.20012,1,145.881,-255,-144.881
9.21012,1,146.681,-255,-145.681
9.22012,1,147.427,-255,-146.427
9.23012,1,148.132,-255,-147.132
9.24012,1,148.762,-255,-147.762
9.25012,1,149.359,-255,-148.359
9.26012,1,149.892,-255,-148.892
9.27012,1,150.375,-255,-149.375
9.28012,1,150.808,-255,-149.808
9.29012,1,151.197,-255,-150.197
9.30012,1,151.525,-255,-150.525
9.31012,1,151.814,-255,-150.814
9.32012,1,152.045,-255,-151.045
9.33012,1,152.23,-255,-151.23
9.34012,1,152.372,-255,-151.372
9.35012,1,152.438,-255,-151.438
9.36012,1,152.468,-255,-151.468
9.37012,1,152.446,-255,-151.446
9.38012,1,152.367,-255,-151.367
9.39012,1,152.241,-255,-151.241
9.40012,1,152.069,-255,-151.069
9.41012,1,151.831,-255,-150.831
9.42012,1,151.54,-255,-150.54
9.43012,1,151.22,-255,-150.22
9.44012,1,150.848,-255,-149.848
9.45012,1,150.407,-255,-149.407
9.46012,1,149.92,-255,-148.92
9.47012,1,149.37,-255,-148.37
9.48012,1,148.796,-255,-147.796
9.49012,1,148.168,-255,-147.168
9.50012,1,147.49,-255,-146.49
9.51012,1,146.741,-255,-145.741
9.52012,1,145.952,-255,-144.952
9.53012,1,145.105,-255,-144.105
9.54012,1,144.232,-255,-143.232
9.55012,1,143.314,-255,-142.314
9.56012,1,142.319,-255,-141.319
9.57012,1,141.278,-255,-140.278
9.58012,1,140.21,-255,-139.21
9.59012,1,139.08,-255,-138.08
9.60012,1,137.899,-255,-136.899
9.61012,1,136.667,-255,-135.667
9.62012,1,135.394,-255,-134.394
9.63013,1,134.049,-255,-133.049
9.64013,1,132.67,-255,-131.67
9.65013,1,131.24,-255,-130.24
9.66013,1,129.758,-255,-128.758
9.67013,1,128.231,-255,-127.231
9.68013,1,126.631,-255,-125.631
9.69013,1,124.997,-255,-123.997
9.70013,1,123.303,-255,-122.303
9.71013,1,121.581,-255,-120.581
9.72013,1,119.811,-255,-118.811
9.73013,1,117.967,-255,-116.967
9.74013,1,116.089,-255,-115.089
9.75013,1,114.151,-255,-113.151
9.76013,1,112.184,-255,-111.184
9.77013,1,110.165,-255,-109.165
9.78013,1,108.095,-255,-107.095
9.79013,1,105.976,-255,-104.976
9.80013,1,103.796,-255,-102.796
9.81013,1,101.581,-255,-100.581
9.82013,1,99.3123,-255,-98.3123
9.83013,1,96.99,-255,-95.99
9.84013,1,94.6201,-255,-93.6201
9.85013,1,92.218,-255,-91.218
9.86013,1,89.749,-255,-88.749
9.87013,1,87.251,-255,-86.251
9.88013,1,84.6931,-255,-83.6931
9.89013,1,82.0871,-255,-81.0871
9.90013,1,79.4363,-255,-78.4363
9.91013,1,76.7144,-255,-75.7144
9.92013,1,73.9546,-255,-72.9546
9.93013,1,71.14,-255,-70.14
9.94013,1,68.2807,-255,-67.2807
9.95013,1,65.3726,-255,-64.3726
9.96013,1,62.4149,-255,-61.4149
9.97013,1,59.4211,-255,-58.4211
9.98013,1,56.3711,-255,-55.3711
9.99013,1,53.2866,-255,-52.2866
